{
	"info": {
		"_postman_id": "f5c0b933-c601-46af-a159-6475a8841a21",
		"name": "Postma Equipos de Futbol",
		"schema": "https://schema.getpostman.com/json/collection/v2.1.0/collection.json",
		"_exporter_id": "24235400"
	},
	"item": [
		{
			"name": "GET Teams",
			"request": {
				"method": "GET",
				"header": [],
				"url": {
					"raw": "https://localhost:{{portNumber}}/api/cities",
					"protocol": "https",
					"host": [
						"localhost"
					],
					"port": "{{portNumber}}",
					"path": [
						"api",
						"cities"
					]
				}
			},
			"response": []
		},
		{
			"name": "GET Team",
			"request": {
				"method": "GET",
				"header": [],
				"url": {
					"raw": "https://localhost:{{portNumber}}/api/cities/1",
					"protocol": "https",
					"host": [
						"localhost"
					],
					"port": "{{portNumber}}",
					"path": [
						"api",
						"cities",
						"1"
					]
				}
			},
			"response": []
		},
		{
			"name": "GET Players",
			"request": {
				"method": "GET",
				"header": [],
				"url": {
					"raw": "https://localhost:{{portNumber}}/api/cities/1/pointsofinterest",
					"protocol": "https",
					"host": [
						"localhost"
					],
					"port": "{{portNumber}}",
					"path": [
						"api",
						"cities",
						"1",
						"pointsofinterest"
					]
				}
			},
			"response": []
		},
		{
			"name": "GET Player",
			"request": {
				"method": "GET",
				"header": [],
				"url": {
					"raw": "https://localhost:{{portNumber}}/api/cities/1/pointsofinterest/1",
					"protocol": "https",
					"host": [
						"localhost"
					],
					"port": "{{portNumber}}",
					"path": [
						"api",
						"cities",
						"1",
						"pointsofinterest",
						"1"
					]
				}
			},
			"response": []
		},
		{
			"name": "GET Players (unexisting Team)",
			"request": {
				"method": "GET",
				"header": [],
				"url": {
					"raw": "https://localhost:{{portNumber}}/api/cities/4/pointsofinterest/1",
					"protocol": "https",
					"host": [
						"localhost"
					],
					"port": "{{portNumber}}",
					"path": [
						"api",
						"cities",
						"4",
						"pointsofinterest",
						"1"
					]
				},
				"description": "Should return 404 NotFound"
			},
			"response": []
		},
		{
			"name": "GET Player(unexisting Players)",
			"request": {
				"method": "GET",
				"header": [],
				"url": {
					"raw": "https://localhost:{{portNumber}}/api/cities/1/pointsofinterest/10",
					"protocol": "https",
					"host": [
						"localhost"
					],
					"port": "{{portNumber}}",
					"path": [
						"api",
						"cities",
						"1",
						"pointsofinterest",
						"10"
					]
				},
				"description": "Should return 404 NotFound"
			},
			"response": []
		},
		{
			"name": "GET Teams (XML)",
			"request": {
				"method": "GET",
				"header": [
					{
						"key": "Accept",
						"value": "application/xml"
					}
				],
				"url": {
					"raw": "https://localhost:{{portNumber}}/api/cities",
					"protocol": "https",
					"host": [
						"localhost"
					],
					"port": "{{portNumber}}",
					"path": [
						"api",
						"cities"
					]
				}
			},
			"response": []
		},
		{
			"name": "POST Player",
			"request": {
				"method": "POST",
				"header": [
					{
						"key": "Content-Type",
						"value": "application/json"
					}
				],
				"body": {
					"mode": "raw",
					"raw": "{\n    \"name\": \"Père Lachaise\",\n    \"description\": \"Famous cemetery where Jim Morrison and Oscar Wilde are buried.\"\n}"
				},
				"url": {
					"raw": "https://localhost:{{portNumber}}/api/cities/3/pointsofinterest",
					"protocol": "https",
					"host": [
						"localhost"
					],
					"port": "{{portNumber}}",
					"path": [
						"api",
						"cities",
						"3",
						"pointsofinterest"
					]
				}
			},
			"response": []
		},
		{
			"name": "PUT Player",
			"request": {
				"method": "PUT",
				"header": [
					{
						"key": "Content-Type",
						"value": "application/json"
					}
				],
				"body": {
					"mode": "raw",
					"raw": "{\n    \"name\": \"Updated - Central Park\",\n    \"description\": \"Updated - The most visited urban park in the United States.\"\n}"
				},
				"url": {
					"raw": "https://localhost:{{portNumber}}/api/cities/1/pointsofinterest/1",
					"protocol": "https",
					"host": [
						"localhost"
					],
					"port": "{{portNumber}}",
					"path": [
						"api",
						"cities",
						"1",
						"pointsofinterest",
						"1"
					]
				}
			},
			"response": []
		},
		{
			"name": "PATCH Player",
			"request": {
				"method": "PATCH",
				"header": [
					{
						"key": "Content-Type",
						"value": "application/json"
					}
				],
				"body": {
					"mode": "raw",
					"raw": "[\n    {\n      \"op\": \"replace\",\n      \"path\": \"/name\",\n      \"value\": \"Updated - Central Park\"\n    }\n]"
				},
				"url": {
					"raw": "https://localhost:{{portNumber}}/api/cities/1/pointsofinterest/1",
					"protocol": "https",
					"host": [
						"localhost"
					],
					"port": "{{portNumber}}",
					"path": [
						"api",
						"cities",
						"1",
						"pointsofinterest",
						"1"
					]
				}
			},
			"response": []
		},
		{
			"name": "DELETE Player",
			"request": {
				"method": "DELETE",
				"header": [],
				"body": {
					"mode": "raw",
					"raw": ""
				},
				"url": {
					"raw": "https://localhost:{{portNumber}}/api/cities/1/pointsofinterest/1",
					"protocol": "https",
					"host": [
						"localhost"
					],
					"port": "{{portNumber}}",
					"path": [
						"api",
						"cities",
						"1",
						"pointsofinterest",
						"1"
					]
				}
			},
			"response": []
		}
	]
}